Time,Displacement,Force
(s),(mm),(kN)
"0.0000","0.0000","0.0267"
"0.0200","0.0002","0.0281"
"0.0400","0.0040","0.0644"
"0.0600","0.0145","0.1688"
"0.0790","0.0277","0.2962"
"0.0980","0.0411","0.4216"
"0.1180","0.0546","0.5439"
"0.1380","0.0679","0.6593"
"0.1580","0.0810","0.7700"
"0.1780","0.0942","0.8774"
"0.1980","0.1074","0.9810"
"0.2180","0.1206","1.0809"
"0.2380","0.1339","1.1764"
"0.2580","0.1471","1.2681"
"0.2780","0.1603","1.3568"
"0.2980","0.1735","1.4423"
"0.3180","0.1868","1.5254"
"0.3380","0.2000","1.6053"
"0.3580","0.2133","1.6822"
"0.3780","0.2266","1.7556"
"0.3980","0.2399","1.8260"
"0.4180","0.2532","1.8936"
"0.4380","0.2665","1.9592"
"0.4580","0.2798","2.0233"
"0.4780","0.2931","2.0857"
"0.4980","0.3065","2.1473"
"0.5180","0.3198","2.2080"
"0.5380","0.3331","2.2684"
"0.5580","0.3464","2.3278"
"0.5780","0.3598","2.3869"
"0.5980","0.3731","2.4454"
"0.6180","0.3864","2.5032"
"0.6380","0.3997","2.5606"
"0.6580","0.4130","2.6168"
"0.6780","0.4263","2.6721"
"0.6980","0.4397","2.7269"
"0.7180","0.4530","2.7815"
"0.7380","0.4663","2.8358"
"0.7580","0.4796","2.8900"
"0.7780","0.4930","2.9440"
"0.7980","0.5064","2.9973"
"0.8180","0.5197","3.0504"
"0.8380","0.5331","3.1031"
"0.8580","0.5464","3.1554"
"0.8780","0.5598","3.2073"
"0.8980","0.5731","3.2589"
"0.9180","0.5864","3.3096"
"0.9380","0.5997","3.3597"
"0.9580","0.6130","3.4094"
"0.9780","0.6264","3.4584"
"0.9980","0.6397","3.5068"
"1.0180","0.6530","3.5544"
"1.0380","0.6663","3.6013"
"1.0580","0.6797","3.6468"
"1.0780","0.6930","3.6921"
"1.0980","0.7063","3.7369"
"1.1180","0.7196","3.7817"
"1.1380","0.7330","3.8265"
"1.1580","0.7464","3.8707"
"1.1780","0.7597","3.9145"
"1.1980","0.7730","3.9579"
"1.2180","0.7864","4.0013"
"1.2380","0.7997","4.0442"
"1.2580","0.8131","4.0866"
"1.2780","0.8264","4.1284"
"1.2980","0.8397","4.1700"
"1.3180","0.8530","4.2111"
"1.3380","0.8664","4.2515"
"1.3580","0.8797","4.2917"
"1.3780","0.8930","4.3314"
"1.3980","0.9064","4.3708"
"1.4180","0.9197","4.4095"
"1.4380","0.9330","4.4479"
"1.4580","0.9464","4.4859"
"1.4780","0.9597","4.5234"
"1.4980","0.9731","4.5605"
"1.5180","0.9864","4.5970"
"1.5380","0.9997","4.6330"
"1.5580","1.0131","4.6681"
"1.5780","1.0264","4.7031"
"1.5980","1.0397","4.7376"
"1.6180","1.0530","4.7715"
"1.6380","1.0664","4.8049"
"1.6580","1.0797","4.8377"
"1.6780","1.0930","4.8701"
"1.6980","1.1063","4.9018"
"1.7180","1.1197","4.9332"
"1.7380","1.1330","4.9637"
"1.7580","1.1464","4.9940"
"1.7780","1.1598","5.0237"
"1.7980","1.1731","5.0526"
"1.8180","1.1864","5.0812"
"1.8380","1.1998","5.1093"
"1.8580","1.2131","5.1369"
"1.8780","1.2265","5.1637"
"1.8980","1.2398","5.1902"
"1.9180","1.2532","5.2159"
"1.9380","1.2665","5.2416"
"1.9580","1.2799","5.2664"
"1.9780","1.2932","5.2907"
"1.9980","1.3065","5.3146"
"2.0180","1.3198","5.3379"
"2.0380","1.3331","5.3609"
"2.0580","1.3464","5.3832"
"2.0780","1.3597","5.4051"
"2.0980","1.3730","5.4264"
"2.1180","1.3864","5.4479"
"2.1380","1.3997","5.4685"
"2.1580","1.4131","5.4888"
"2.1780","1.4265","5.5086"
"2.1980","1.4398","5.5279"
"2.2180","1.4531","5.5469"
"2.2380","1.4665","5.5652"
"2.2580","1.4798","5.5834"
"2.2780","1.4932","5.6011"
"2.2980","1.5065","5.6189"
"2.3180","1.5199","5.6358"
"2.3380","1.5332","5.6521"
"2.3580","1.5465","5.6681"
"2.3780","1.5599","5.6839"
"2.3980","1.5732","5.6995"
"2.4180","1.5865","5.7146"
"2.4380","1.5998","5.7295"
"2.4580","1.6130","5.7438"
"2.4780","1.6263","5.7583"
"2.4980","1.6397","5.7725"
"2.5180","1.6530","5.7862"
"2.5380","1.6664","5.7997"
"2.5580","1.6797","5.8127"
"2.5780","1.6931","5.8257"
"2.5980","1.7064","5.8383"
"2.6180","1.7198","5.8508"
"2.6380","1.7332","5.8626"
"2.6580","1.7466","5.8744"
"2.6780","1.7599","5.8859"
"2.6980","1.7733","5.8969"
"2.7180","1.7866","5.9077"
"2.7380","1.7998","5.9183"
"2.7580","1.8132","5.9291"
"2.7780","1.8265","5.9393"
"2.7980","1.8398","5.9494"
"2.8180","1.8531","5.9590"
"2.8380","1.8665","5.9689"
"2.8580","1.8798","5.9783"
"2.8780","1.8931","5.9875"
"2.8980","1.9064","5.9966"
"2.9180","1.9198","6.0055"
"2.9380","1.9331","6.0143"
"2.9580","1.9465","6.0228"
"2.9780","1.9598","6.0312"
"2.9980","1.9732","6.0391"
"3.0180","1.9865","6.0472"
"3.0380","1.9999","6.0551"
"3.0580","2.0132","6.0627"
"3.0780","2.0265","6.0700"
"3.0980","2.0398","6.0772"
"3.1180","2.0532","6.0846"
"3.1380","2.0665","6.0916"
"3.1580","2.0798","6.0985"
"3.1780","2.0931","6.1051"
"3.1980","2.1064","6.1118"
"3.2180","2.1198","6.1184"
"3.2380","2.1332","6.1249"
"3.2580","2.1465","6.1311"
"3.2780","2.1598","6.1372"
"3.2980","2.1732","6.1434"
"3.3180","2.1866","6.1491"
"3.3380","2.1999","6.1547"
"3.3580","2.2132","6.1603"
"3.3780","2.2266","6.1659"
"3.3980","2.2399","6.1714"
"3.4180","2.2533","6.1765"
"3.4380","2.2666","6.1816"
"3.4580","2.2799","6.1866"
"3.4780","2.2932","6.1917"
"3.4980","2.3065","6.1965"
"3.5180","2.3198","6.2013"
"3.5380","2.3331","6.2058"
"3.5580","2.3465","6.2106"
"3.5780","2.3598","6.2154"
"3.5980","2.3731","6.2195"
"3.6180","2.3864","6.2240"
"3.6380","2.3998","6.2282"
"3.6580","2.4132","6.2328"
"3.6780","2.4265","6.2368"
"3.6980","2.4399","6.2408"
"3.7180","2.4532","6.2446"
"3.7380","2.4665","6.2486"
"3.7580","2.4799","6.2525"
"3.7780","2.4933","6.2562"
"3.7980","2.5066","6.2596"
"3.8180","2.5199","6.2630"
"3.8380","2.5332","6.2668"
"3.8580","2.5465","6.2703"
"3.8780","2.5598","6.2738"
"3.8980","2.5732","6.2771"
"3.9180","2.5865","6.2804"
"3.9380","2.5998","6.2838"
"3.9580","2.6131","6.2869"
"3.9780","2.6265","6.2900"
"3.9980","2.6398","6.2929"
"4.0180","2.6531","6.2962"
"4.0380","2.6665","6.2992"
"4.0580","2.6798","6.3022"
"4.0780","2.6931","6.3051"
"4.0980","2.7065","6.3079"
"4.1180","2.7198","6.3108"
"4.1380","2.7332","6.3136"
"4.1580","2.7465","6.3161"
"4.1780","2.7599","6.3186"
"4.1980","2.7732","6.3214"
"4.2180","2.7865","6.3238"
"4.2380","2.7998","6.3265"
"4.2580","2.8132","6.3289"
"4.2780","2.8265","6.3312"
"4.2980","2.8398","6.3339"
"4.3180","2.8532","6.3362"
"4.3380","2.8665","6.3386"
"4.3580","2.8798","6.3408"
"4.3780","2.8932","6.3434"
"4.3980","2.9065","6.3457"
"4.4180","2.9199","6.3479"
"4.4380","2.9332","6.3500"
"4.4580","2.9466","6.3521"
"4.4780","2.9599","6.3543"
"4.4980","2.9732","6.3561"
"4.5180","2.9866","6.3583"
"4.5380","2.9999","6.3603"
"4.5580","3.0132","6.3625"
"4.5780","3.0266","6.3645"
"4.5980","3.0399","6.3663"
"4.6180","3.0532","6.3681"
"4.6380","3.0665","6.3700"
"4.6580","3.0798","6.3722"
"4.6780","3.0931","6.3739"
"4.6980","3.1065","6.3760"
"4.7180","3.1199","6.3779"
"4.7380","3.1332","6.3799"
"4.7580","3.1466","6.3816"
"4.7780","3.1599","6.3833"
"4.7980","3.1732","6.3850"
"4.8180","3.1865","6.3868"
"4.8380","3.1999","6.3887"
"4.8580","3.2132","6.3901"
"4.8780","3.2265","6.3915"
"4.8980","3.2397","6.3932"
"4.9180","3.2531","6.3951"
"4.9380","3.2664","6.3968"
"4.9580","3.2798","6.3984"
"4.9780","3.2931","6.4000"
"4.9980","3.3064","6.4012"
"5.0180","3.3198","6.4031"
"5.0380","3.3332","6.4047"
"5.0580","3.3465","6.4063"
"5.0780","3.3598","6.4077"
"5.0980","3.3732","6.4093"
"5.1180","3.3866","6.4107"
"5.1380","3.3999","6.4121"
"5.1580","3.4132","6.4138"
"5.1780","3.4266","6.4152"
"5.1980","3.4400","6.4166"
"5.2180","3.4533","6.4178"
"5.2380","3.4666","6.4191"
"5.2580","3.4799","6.4203"
"5.2780","3.4932","6.4218"
"5.2980","3.5066","6.4232"
"5.3180","3.5199","6.4244"
"5.3380","3.5332","6.4258"
"5.3580","3.5465","6.4273"
"5.3780","3.5598","6.4289"
"5.3980","3.5732","6.4301"
"5.4180","3.5865","6.4315"
"5.4380","3.5998","6.4327"
"5.4580","3.6132","6.4341"
"5.4780","3.6265","6.4352"
"5.4980","3.6398","6.4364"
"5.5180","3.6532","6.4379"
"5.5380","3.6665","6.4390"
"5.5580","3.6799","6.4404"
"5.5780","3.6932","6.4416"
"5.5980","3.7066","6.4427"
"5.6180","3.7198","6.4437"
"5.6380","3.7332","6.4451"
"5.6580","3.7465","6.4463"
"5.6780","3.7598","6.4473"
"5.6980","3.7732","6.4485"
"5.7180","3.7865","6.4497"
"5.7380","3.7998","6.4511"
"5.7580","3.8132","6.4521"
"5.7780","3.8265","6.4533"
"5.7980","3.8398","6.4545"
"5.8180","3.8532","6.4557"
"5.8380","3.8665","6.4569"
"5.8580","3.8799","6.4581"
"5.8780","3.8932","6.4591"
"5.8980","3.9065","6.4601"
"5.9180","3.9199","6.4615"
"5.9380","3.9332","6.4624"
"5.9580","3.9465","6.4634"
"5.9780","3.9598","6.4645"
"5.9980","3.9732","6.4654"
"6.0180","3.9865","6.4665"
"6.0380","3.9998","6.4675"
"6.0580","4.0131","6.4687"
"6.0780","4.0264","6.4697"
"6.0980","4.0398","6.4711"
"6.1180","4.0531","6.4719"
"6.1380","4.0665","6.4731"
"6.1580","4.0798","6.4742"
"6.1780","4.0931","6.4755"
"6.1980","4.1066","6.4766"
"6.2180","4.1199","6.4775"
"6.2380","4.1333","6.4784"
"6.2580","4.1466","6.4792"
"6.2780","4.1599","6.4804"
"6.2980","4.1733","6.4812"
"6.3180","4.1866","6.4822"
"6.3380","4.1999","6.4830"
"6.3580","4.2132","6.4839"
"6.3780","4.2265","6.4850"
"6.3980","4.2399","6.4859"
"6.4180","4.2532","6.4869"
"6.4380","4.2665","6.4878"
"6.4580","4.2798","6.4889"
"6.4780","4.2931","6.4899"
"6.4980","4.3065","6.4909"
"6.5180","4.3198","6.4919"
"6.5380","4.3332","6.4928"
"6.5580","4.3465","6.4939"
"6.5780","4.3599","6.4948"
"6.5980","4.3732","6.4958"
"6.6180","4.3866","6.4965"
"6.6380","4.3999","6.4977"
"6.6580","4.4133","6.4987"
"6.6780","4.4266","6.4995"
"6.6980","4.4399","6.5002"
"6.7180","4.4532","6.5011"
"6.7380","4.4665","6.5021"
"6.7580","4.4798","6.5029"
"6.7780","4.4932","6.5037"
"6.7980","4.5065","6.5044"
"6.8180","4.5198","6.5055"
"6.8380","4.5331","6.5064"
"6.8580","4.5465","6.5074"
"6.8780","4.5598","6.5083"
"6.8980","4.5731","6.5091"
"6.9180","4.5865","6.5101"
"6.9380","4.5998","6.5110"
"6.9580","4.6132","6.5119"
"6.9780","4.6265","6.5126"
"6.9980","4.6399","6.5137"
"7.0180","4.6533","6.5144"
"7.0380","4.6666","6.5151"
"7.0580","4.6799","6.5158"
"7.0780","4.6932","6.5167"
"7.0980","4.7065","6.5176"
"7.1180","4.7199","6.5186"
"7.1380","4.7332","6.5196"
"7.1580","4.7465","6.5200"
"7.1780","4.7599","6.5208"
"7.1980","4.7732","6.5217"
"7.2180","4.7865","6.5225"
"7.2380","4.7998","6.5232"
"7.2580","4.8132","6.5241"
"7.2780","4.8265","6.5248"
"7.2980","4.8398","6.5256"
"7.3180","4.8531","6.5267"
"7.3380","4.8665","6.5275"
"7.3580","4.8798","6.5286"
"7.3780","4.8932","6.5294"
"7.3980","4.9065","6.5300"
"7.4180","4.9199","6.5308"
"7.4380","4.9332","6.5315"
"7.4580","4.9466","6.5325"
"7.4780","4.9599","6.5331"
"7.4980","4.9732","6.5339"
"7.5180","4.9865","6.5345"
"7.5380","4.9999","6.5354"
"7.5580","5.0132","6.5362"
"7.5780","5.0265","6.5369"
"7.5980","5.0399","6.5379"
"7.6180","5.0532","6.5386"
"7.6380","5.0666","6.5395"
"7.6580","5.0799","6.5401"
"7.6780","5.0933","6.5409"
"7.6980","5.1066","6.5414"
"7.7180","5.1199","6.5423"
"7.7380","5.1333","6.5431"
"7.7580","5.1466","6.5437"
"7.7780","5.1599","6.5445"
"7.7980","5.1732","6.5451"
"7.8180","5.1866","6.5460"
"7.8380","5.1999","6.5467"
"7.8580","5.2132","6.5475"
"7.8780","5.2265","6.5482"
"7.8980","5.2398","6.5489"
"7.9180","5.2532","6.5497"
"7.9380","5.2665","6.5505"
"7.9580","5.2798","6.5512"
"7.9780","5.2932","6.5519"
"7.9980","5.3066","6.5528"
"8.0180","5.3199","6.5534"
"8.0380","5.3332","6.5542"
"8.0580","5.3466","6.5548"
"8.0780","5.3599","6.5555"
"8.0980","5.3733","6.5563"
"8.1180","5.3866","6.5569"
"8.1380","5.4000","6.5576"
"8.1580","5.4132","6.5580"
"8.1780","5.4265","6.5587"
"8.1980","5.4399","6.5593"
"8.2180","5.4532","6.5601"
"8.2380","5.4665","6.5608"
"8.2580","5.4798","6.5616"
"8.2780","5.4932","6.5625"
"8.2980","5.5065","6.5629"
"8.3180","5.5198","6.5637"
"8.3380","5.5332","6.5642"
"8.3580","5.5465","6.5652"
"8.3780","5.5598","6.5659"
"8.3980","5.5732","6.5667"
"8.4180","5.5865","6.5671"
"8.4380","5.5998","6.5678"
"8.4580","5.6132","6.5687"
"8.4780","5.6265","6.5693"
"8.4980","5.6399","6.5699"
"8.5180","5.6532","6.5703"
"8.5380","5.6665","6.5711"
"8.5580","5.6798","6.5716"
"8.5780","5.6931","6.5723"
"8.5980","5.7065","6.5731"
"8.6180","5.7198","6.5739"
"8.6380","5.7332","6.5745"
"8.6580","5.7465","6.5750"
"8.6780","5.7598","6.5757"
"8.6980","5.7731","6.5763"
"8.7180","5.7865","6.5773"
"8.7380","5.7999","6.5779"
"8.7580","5.8132","6.5786"
"8.7780","5.8266","6.5791"
"8.7980","5.8399","6.5797"
"8.8180","5.8532","6.5804"
"8.8380","5.8666","6.5810"
"8.8580","5.8799","6.5815"
"8.8780","5.8932","6.5818"
"8.8980","5.9065","6.5825"
"8.9180","5.9198","6.5832"
"8.9380","5.9332","6.5839"
"8.9580","5.9465","6.5845"
"8.9780","5.9598","6.5851"
"8.9980","5.9732","6.5859"
"9.0180","5.9865","6.5867"
"9.0380","5.9998","6.5873"
"9.0580","6.0132","6.5879"
"9.0780","6.0266","6.5886"
"9.0980","6.0399","6.5891"
"9.1180","6.0532","6.5896"
"9.1380","6.0666","6.5903"
"9.1580","6.0799","6.5909"
"9.1780","6.0933","6.5915"
"9.1980","6.1066","6.5920"
"9.2180","6.1199","6.5926"
"9.2380","6.1332","6.5929"
"9.2580","6.1465","6.5936"
"9.2780","6.1599","6.5943"
"9.2980","6.1732","6.5947"
"9.3180","6.1865","6.5952"
"9.3380","6.1998","6.5958"
"9.3580","6.2131","6.5967"
"9.3780","6.2264","6.5973"
"9.3980","6.2398","6.5981"
"9.4180","6.2531","6.5986"
"9.4380","6.2665","6.5994"
"9.4580","6.2798","6.6001"
"9.4780","6.2932","6.6005"
"9.4980","6.3066","6.6008"
"9.5180","6.3199","6.6015"
"9.5380","6.3333","6.6022"
"9.5580","6.3466","6.6027"
"9.5780","6.3599","6.6031"
"9.5980","6.3733","6.6034"
"9.6180","6.3866","6.6040"
"9.6380","6.3999","6.6046"
"9.6580","6.4132","6.6051"
"9.6780","6.4265","6.6056"
"9.6980","6.4397","6.6060"
"9.7180","6.4530","6.6068"
"9.7380","6.4664","6.6074"
"9.7580","6.4797","6.6082"
"9.7780","6.4931","6.6088"
"9.7980","6.5064","6.6094"
"9.8180","6.5198","6.6101"
"9.8380","6.5332","6.6107"
"9.8580","6.5466","6.6113"
"9.8780","6.5599","6.6118"
"9.8980","6.5733","6.6125"
"9.9180","6.5866","6.6129"
"9.9380","6.6000","6.6133"
"9.9580","6.6133","6.6137"
"9.9780","6.6266","6.6143"
"9.9980","6.6399","6.6149"
"10.0180","6.6533","6.6153"
"10.0380","6.6666","6.6159"
"10.0580","6.6799","6.6162"
"10.0780","6.6932","6.6170"
"10.0980","6.7065","6.6174"
"10.1180","6.7199","6.6181"
"10.1380","6.7332","6.6185"
"10.1580","6.7465","6.6190"
"10.1780","6.7599","6.6196"
"10.1980","6.7732","6.6202"
"10.2180","6.7866","6.6208"
"10.2380","6.7999","6.6212"
"10.2580","6.8133","6.6218"
"10.2780","6.8266","6.6223"
"10.2980","6.8399","6.6229"
"10.3180","6.8532","6.6231"
"10.3380","6.8665","6.6237"
"10.3580","6.8799","6.6243"
"10.3780","6.8932","6.6248"
"10.3980","6.9065","6.6254"
"10.4180","6.9198","6.6258"
"10.4380","6.9332","6.6264"
"10.4580","6.9465","6.6268"
"10.4780","6.9598","6.6274"
"10.4980","6.9731","6.6279"
"10.5180","6.9865","6.6285"
"10.5380","6.9998","6.6291"
"10.5580","7.0132","6.6295"
"10.5780","7.0265","6.6300"
"10.5980","7.0399","6.6303"
"10.6180","7.0532","6.6309"
"10.6380","7.0666","6.6316"
"10.6580","7.0799","6.6320"
"10.6780","7.0932","6.6325"
"10.6980","7.1065","6.6330"
"10.7180","7.1198","6.6336"
"10.7380","7.1332","6.6338"
"10.7580","7.1465","6.6344"
"10.7780","7.1598","6.6348"
"10.7980","7.1731","6.6355"
"10.8180","7.1865","6.6359"
"10.8380","7.1998","6.6363"
"10.8580","7.2131","6.6369"
"10.8780","7.2264","6.6376"
"10.8980","7.2398","6.6384"
"10.9180","7.2532","6.6385"
"10.9380","7.2665","6.6390"
"10.9580","7.2799","6.6394"
"10.9780","7.2932","6.6400"
"10.9980","7.3066","6.6405"
"11.0180","7.3199","6.6409"
"11.0380","7.3332","6.6411"
"11.0580","7.3465","6.6416"
"11.0780","7.3599","6.6423"
"11.0980","7.3732","6.6428"
"11.1180","7.3865","6.6433"
"11.1380","7.3998","6.6436"
"11.1580","7.4132","6.6442"
"11.1780","7.4265","6.6447"
"11.1980","7.4398","6.6453"
"11.2180","7.4532","6.6458"
"11.2380","7.4665","6.6463"
"11.2580","7.4798","6.6469"
"11.2780","7.4932","6.6471"
"11.2980","7.5066","6.6476"
"11.3180","7.5199","6.6481"
"11.3380","7.5332","6.6487"
"11.3580","7.5466","6.6492"
"11.3780","7.5599","6.6496"
"11.3980","7.5733","6.6499"
"11.4180","7.5866","6.6503"
"11.4380","7.5999","6.6508"
"11.4580","7.6132","6.6513"
"11.4780","7.6266","6.6520"
"11.4980","7.6399","6.6522"
"11.5180","7.6532","6.6526"
"11.5380","7.6665","6.6532"
"11.5580","7.6799","6.6537"
"11.5780","7.6932","6.6542"
"11.5980","7.7065","6.6546"
"11.6180","7.7199","6.6553"
"11.6380","7.7332","6.6557"
"11.6580","7.7466","6.6561"
"11.6780","7.7599","6.6565"
"11.6980","7.7733","6.6570"
"11.7180","7.7866","6.6572"
"11.7380","7.7999","6.6576"
"11.7580","7.8132","6.6581"
"11.7780","7.8265","6.6586"
"11.7980","7.8399","6.6593"
"11.8180","7.8532","6.6595"
"11.8380","7.8665","6.6599"
"11.8580","7.8798","6.6602"
"11.8780","7.8932","6.6608"
"11.8980","7.9065","6.6612"
"11.9180","7.9198","6.6618"
"11.9380","7.9332","6.6625"
"11.9580","7.9465","6.6630"
"11.9780","7.9599","6.6634"
"11.9980","7.9732","6.6637"
"12.0180","7.9866","6.6641"
"12.0380","7.9999","6.6644"
"12.0580","8.0132","6.6648"
"12.0780","8.0266","6.6653"
"12.0980","8.0399","6.6656"
"12.1180","8.0531","6.6659"
"12.1380","8.0664","6.6664"
"12.1580","8.0798","6.6671"
"12.1780","8.0931","6.6675"
"12.1980","8.1064","6.6680"
"12.2180","8.1198","6.6683"
"12.2380","8.1331","6.6688"
"12.2580","8.1465","6.6695"
"12.2780","8.1598","6.6700"
"12.2980","8.1732","6.6705"
"12.3180","8.1865","6.6708"
"12.3380","8.1999","6.6714"
"12.3580","8.2132","6.6717"
"12.3780","8.2266","6.6721"
"12.3980","8.2399","6.6724"
"12.4180","8.2533","6.6729"
"12.4380","8.2666","6.6733"
"12.4580","8.2799","6.6736"
"12.4780","8.2933","6.6740"
"12.4980","8.3066","6.6742"
"12.5180","8.3199","6.6749"
"12.5380","8.3332","6.6753"
"12.5580","8.3465","6.6758"
"12.5780","8.3598","6.6759"
"12.5980","8.3731","6.6764"
"12.6180","8.3865","6.6770"
"12.6380","8.3998","6.6775"
"12.6580","8.4132","6.6780"
"12.6780","8.4265","6.6784"
"12.6980","8.4399","6.6790"
"12.7180","8.4532","6.6793"
"12.7380","8.4665","6.6798"
"12.7580","8.4799","6.6800"
"12.7780","8.4932","6.6803"
"12.7980","8.5066","6.6808"
"12.8180","8.5199","6.6812"
"12.8380","8.5332","6.6816"
"12.8580","8.5465","6.6820"
"12.8780","8.5599","6.6825"
"12.8980","8.5732","6.6828"
"12.9180","8.5865","6.6832"
"12.9380","8.5998","6.6837"
"12.9580","8.6132","6.6842"
"12.9780","8.6265","6.6846"
"12.9980","8.6398","6.6850"
"13.0180","8.6532","6.6854"
"13.0380","8.6665","6.6857"
"13.0580","8.6798","6.6863"
"13.0780","8.6932","6.6868"
"13.0980","8.7066","6.6872"
"13.1180","8.7199","6.6875"
"13.1380","8.7332","6.6879"
"13.1580","8.7466","6.6884"
"13.1780","8.7599","6.6886"
"13.1980","8.7732","6.6891"
"13.2180","8.7865","6.6893"
"13.2380","8.7998","6.6897"
"13.2580","8.8131","6.6901"
"13.2780","8.8265","6.6907"
"13.2980","8.8398","6.6911"
"13.3180","8.8531","6.6915"
"13.3380","8.8665","6.6921"
"13.3580","8.8798","6.6924"
"13.3780","8.8931","6.6929"
"13.3980","8.9065","6.6932"
"13.4180","8.9198","6.6937"
"13.4380","8.9332","6.6940"
"13.4580","8.9466","6.6944"
"13.4780","8.9599","6.6946"
"13.4980","8.9732","6.6950"
"13.5180","8.9866","6.6955"
"13.5380","8.9999","6.6959"
"13.5580","9.0132","6.6962"
"13.5780","9.0265","6.6964"
"13.5980","9.0398","6.6970"
"13.6180","9.0532","6.6973"
"13.6380","9.0665","6.6977"
"13.6580","9.0798","6.6980"
"13.6780","9.0931","6.6986"
"13.6980","9.1065","6.6991"
"13.7180","9.1198","6.6994"
"13.7380","9.1331","6.6998"
"13.7580","9.1465","6.7003"
"13.7780","9.1598","6.7008"
"13.7980","9.1732","6.7014"
"13.8180","9.1866","6.7017"
"13.8380","9.1999","6.7019"
"13.8580","9.2132","6.7022"
"13.8780","9.2266","6.7029"
"13.8980","9.2400","6.7030"
"13.9180","9.2533","6.7032"
"13.9380","9.2666","6.7034"
"13.9580","9.2799","6.7038"
"13.9780","9.2932","6.7043"
"13.9980","9.3065","6.7047"
"14.0180","9.3199","6.7050"
"14.0380","9.3332","6.7053"
"14.0580","9.3465","6.7059"
"14.0780","9.3598","6.7063"
"14.0980","9.3732","6.7068"
"14.1180","9.3865","6.7069"
"14.1380","9.3998","6.7074"
"14.1580","9.4132","6.7079"
"14.1780","9.4265","6.7083"
"14.1980","9.4399","6.7087"
"14.2180","9.4532","6.7091"
"14.2380","9.4666","6.7097"
"14.2580","9.4799","6.7098"
"14.2780","9.4933","6.7101"
"14.2980","9.5065","6.7102"
"14.3180","9.5198","6.7107"
"14.3380","9.5332","6.7112"
"14.3580","9.5465","6.7118"
"14.3780","9.5599","6.7120"
"14.3980","9.5732","6.7120"
"14.4180","9.5865","6.7125"
"14.4380","9.5999","6.7130"
"14.4580","9.6132","6.7134"
"14.4780","9.6265","6.7137"
"14.4980","9.6399","6.7141"
"14.5180","9.6532","6.7143"
"14.5380","9.6665","6.7146"
"14.5580","9.6798","6.7152"
"14.5780","9.6932","6.7155"
"14.5980","9.7065","6.7160"
"14.6180","9.7199","6.7163"
"14.6380","9.7332","6.7166"
"14.6580","9.7465","6.7169"
"14.6780","9.7599","6.7173"
"14.6980","9.7732","6.7177"
"14.7180","9.7865","6.7180"
"14.7380","9.7999","6.7184"
"14.7580","9.8132","6.7185"
"14.7780","9.8265","6.7190"
"14.7980","9.8398","6.7192"
"14.8180","9.8532","6.7198"
"14.8380","9.8665","6.7200"
"14.8580","9.8799","6.7204"
"14.8780","9.8933","6.7210"
"14.8980","9.9066","6.7213"
"14.9180","9.9200","6.7216"
"14.9380","9.9333","6.7218"
"14.9580","9.9466","6.7222"
"14.9780","9.9599","6.7223"
"14.9980","9.9732","6.7227"
"15.0180","9.9866","6.7231"
"15.0380","9.9999","6.7234"
"15.0580","10.0132","6.7236"
"15.0780","10.0265","6.7240"
"15.0980","10.0398","6.7247"
"15.1180","10.0531","6.7248"
"15.1380","10.0665","6.7252"
"15.1580","10.0798","6.7254"
"15.1780","10.0931","6.7259"
"15.1980","10.1065","6.7262"
"15.2180","10.1198","6.7266"
"15.2380","10.1332","6.7271"
"15.2580","10.1465","6.7274"
"15.2780","10.1599","6.7278"
"15.2980","10.1733","6.7281"
"15.3180","10.1866","6.7284"
"15.3380","10.1999","6.7287"
"15.3580","10.2133","6.7290"
"15.3780","10.2266","6.7292"
"15.3980","10.2399","6.7294"
"15.4180","10.2532","6.7297"
"15.4380","10.2666","6.7300"
"15.4580","10.2799","6.7304"
"15.4780","10.2932","6.7307"
"15.4980","10.3065","6.7313"
"15.5180","10.3198","6.7316"
"15.5380","10.3332","6.7319"
"15.5580","10.3465","6.7323"
"15.5780","10.3598","6.7325"
"15.5980","10.3732","6.7331"
"15.6180","10.3865","6.7334"
"15.6380","10.3999","6.7338"
"15.6580","10.4132","6.7338"
"15.6780","10.4265","6.7343"
"15.6980","10.4399","6.7345"
"15.7180","10.4533","6.7349"
"15.7380","10.4666","6.7350"
"15.7580","10.4799","6.7353"
"15.7780","10.4932","6.7357"
"15.7980","10.5065","6.7359"
"15.8180","10.5199","6.7363"
"15.8380","10.5332","6.7365"
"15.8580","10.5465","6.7371"
"15.8780","10.5598","6.7375"
"15.8980","10.5732","6.7378"
"15.9180","10.5865","6.7380"
"15.9380","10.5998","6.7384"
"15.9580","10.6132","6.7389"
"15.9780","10.6265","6.7390"
"15.9980","10.6399","6.7395"
"16.0180","10.6532","6.7397"
"16.0380","10.6666","6.7401"
"16.0580","10.6799","6.7403"
"16.0780","10.6932","6.7405"
"16.0980","10.7066","6.7406"
"16.1180","10.7198","6.7408"
"16.1380","10.7332","6.7414"
"16.1580","10.7465","6.7417"
"16.1780","10.7598","6.7421"
"16.1980","10.7731","6.7422"
"16.2180","10.7865","6.7425"
"16.2380","10.7998","6.7429"
"16.2580","10.8132","6.7432"
"16.2780","10.8265","6.7436"
"16.2980","10.8398","6.7440"
"16.3180","10.8532","6.7445"
"16.3380","10.8665","6.7447"
"16.3580","10.8799","6.7451"
"16.3780","10.8933","6.7451"
"16.3980","10.9066","6.7455"
"16.4180","10.9199","6.7458"
"16.4380","10.9333","6.7462"
"16.4580","10.9466","6.7463"
"16.4780","10.9599","6.7463"
"16.4980","10.9732","6.7467"
"16.5180","10.9865","6.7469"
"16.5380","10.9998","6.7472"
"16.5580","11.0131","6.7474"
"16.5780","11.0265","6.7479"
"16.5980","11.0398","6.7483"
"16.6180","11.0531","6.7487"
"16.6380","11.0665","6.7490"
"16.6580","11.0798","6.7492"
"16.6780","11.0932","6.7496"
"16.6980","11.1065","6.7499"
"16.7180","11.1199","6.7502"
"16.7380","11.1332","6.7504"
"16.7580","11.1465","6.7509"
"16.7780","11.1599","6.7513"
"16.7980","11.1733","6.7514"
"16.8180","11.1866","6.7515"
"16.8380","11.1999","6.7517"
"16.8580","11.2132","6.7521"
"16.8780","11.2265","6.7523"
"16.8980","11.2399","6.7527"
"16.9180","11.2531","6.7527"
"16.9380","11.2664","6.7530"
"16.9580","11.2797","6.7535"
"16.9780","11.2931","6.7540"
"16.9980","11.3064","6.7544"
"17.0180","11.3198","6.7546"
"17.0380","11.3331","6.7550"
"17.0580","11.3465","6.7553"
"17.0780","11.3599","6.7557"
"17.0980","11.3733","6.7557"
"17.1180","11.3866","6.7561"
"17.1380","11.4000","6.7564"
"17.1580","11.4133","6.7565"
"17.1780","11.4266","6.7567"
"17.1980","11.4399","6.7567"
"17.2180","11.4532","6.7571"
"17.2380","11.4666","6.7573"
"17.2580","11.4799","6.7577"
"17.2780","11.4932","6.7579"
"17.2980","11.5065","6.7582"
"17.3180","11.5199","6.7586"
"17.3380","11.5332","6.7588"
"17.3580","11.5465","6.7591"
"17.3780","11.5598","6.7593"
"17.3980","11.5732","6.7598"
"17.4180","11.5865","6.7601"
"17.4380","11.5999","6.7604"
"17.4580","11.6132","6.7605"
"17.4780","11.6265","6.7608"
"17.4980","11.6399","6.7611"
"17.5180","11.6532","6.7613"
"17.5380","11.6665","6.7614"
"17.5580","11.6798","6.7617"
"17.5780","11.6932","6.7622"
"17.5980","11.7065","6.7625"
"17.6180","11.7198","6.7627"
"17.6380","11.7331","6.7629"
"17.6580","11.7465","6.7631"
"17.6780","11.7598","6.7636"
"17.6980","11.7732","6.7639"
"17.7180","11.7865","6.7641"
"17.7380","11.7998","6.7642"
"17.7580","11.8132","6.7647"
"17.7780","11.8266","6.7650"
"17.7980","11.8399","6.7652"
"17.8180","11.8532","6.7652"
"17.8380","11.8666","6.7654"
"17.8580","11.8799","6.7659"
"17.8780","11.8933","6.7661"
"17.8980","11.9066","6.7663"
"17.9180","11.9199","6.7664"
"17.9380","11.9332","6.7667"
"17.9580","11.9465","6.7670"
"17.9780","11.9598","6.7672"
"17.9980","11.9731","6.7674"
"18.0180","11.9864","6.7676"
"18.0380","11.9998","6.7680"
"18.0580","12.0131","6.7683"
"18.0780","12.0264","6.7688"
"18.0980","12.0398","6.7690"
"18.1180","12.0531","6.7696"
"18.1380","12.0665","6.7699"
"18.1580","12.0799","6.7702"
"18.1780","12.0932","6.7702"
"18.1980","12.1066","6.7704"
"18.2180","12.1199","6.7707"
"18.2380","12.1333","6.7708"
"18.2580","12.1466","6.7711"
"18.2780","12.1599","6.7712"
"18.2980","12.1732","6.7714"
"18.3180","12.1866","6.7717"
"18.3380","12.1999","6.7720"
"18.3580","12.2132","6.7722"
"18.3780","12.2265","6.7725"
"18.3980","12.2398","6.7728"
"18.4180","12.2531","6.7731"
"18.4380","12.2665","6.7734"
"18.4580","12.2798","6.7736"
"18.4780","12.2932","6.7740"
"18.4980","12.3065","6.7744"
"18.5180","12.3199","6.7745"
"18.5380","12.3332","6.7746"
"18.5580","12.3465","6.7747"
"18.5780","12.3599","6.7753"
"18.5980","12.3733","6.7753"
"18.6180","12.3866","6.7756"
"18.6380","12.3999","6.7756"
"18.6580","12.4132","6.7758"
"18.6780","12.4265","6.7760"
"18.6980","12.4399","6.7763"
"18.7180","12.4532","6.7767"
"18.7380","12.4665","6.7769"
"18.7580","12.4798","6.7774"
"18.7780","12.4932","6.7774"
"18.7980","12.5065","6.7778"
"18.8180","12.5198","6.7778"
"18.8380","12.5332","6.7782"
"18.8580","12.5465","6.7786"
"18.8780","12.5598","6.7789"
"18.8980","12.5732","6.7792"
"18.9180","12.5866","6.7794"
"18.9380","12.5999","6.7797"
"18.9580","12.6132","6.7797"
"18.9780","12.6265","6.7800"
"18.9980","12.6399","6.7801"
"19.0180","12.6532","6.7803"
"19.0380","12.6665","6.7806"
"19.0580","12.6798","6.7809"
"19.0780","12.6931","6.7811"
"19.0980","12.7065","6.7812"
"19.1180","12.7198","6.7815"
"19.1380","12.7331","6.7818"
"19.1580","12.7465","6.7822"
"19.1780","12.7599","6.7824"
"19.1980","12.7732","6.7828"
"19.2180","12.7866","6.7830"
"19.2380","12.7999","6.7831"
"19.2580","12.8133","6.7833"
"19.2780","12.8266","6.7834"
"19.2980","12.8399","6.7837"
"19.3180","12.8533","6.7839"
"19.3380","12.8665","6.7839"
"19.3580","12.8798","6.7840"
"19.3780","12.8931","6.7844"
"19.3980","12.9065","6.7849"
"19.4180","12.9198","6.7851"
"19.4380","12.9331","6.7855"
"19.4580","12.9464","6.7856"
"19.4780","12.9598","6.7859"
"19.4980","12.9731","6.7862"
"19.5180","12.9865","6.7864"
"19.5380","12.9998","6.7865"
"19.5580","13.0132","6.7868"
"19.5780","13.0266","6.7872"
"19.5980","13.0399","6.7874"
"19.6180","13.0532","6.7876"
"19.6380","13.0666","6.7876"
"19.6580","13.0800","6.7880"
"19.6780","13.0933","6.7881"
"19.6980","13.1066","6.7883"
"19.7180","13.1199","6.7883"
"19.7380","13.1332","6.7886"
"19.7580","13.1465","6.7889"
"19.7780","13.1599","6.7891"
"19.7980","13.1732","6.7893"
"19.8180","13.1864","6.7894"
"19.8380","13.1998","6.7900"
"19.8580","13.2132","6.7903"
"19.8780","13.2265","6.7905"
"19.8980","13.2398","6.7906"
"19.9180","13.2532","6.7909"
"19.9380","13.2665","6.7913"
"19.9580","13.2799","6.7914"
"19.9780","13.2932","6.7916"
"19.9980","13.3065","6.7918"
"20.0180","13.3199","6.7921"
"20.0380","13.3332","6.7923"
"20.0580","13.3466","6.7924"
"20.0780","13.3599","6.7925"
"20.0980","13.3732","6.7927"
"20.1180","13.3865","6.7930"
"20.1380","13.3999","6.7932"
"20.1580","13.4132","6.7935"
"20.1780","13.4265","6.7935"
"20.1980","13.4398","6.7939"
"20.2180","13.4532","6.7942"
"20.2380","13.4665","6.7944"
"20.2580","13.4798","6.7946"
"20.2780","13.4932","6.7947"
"20.2980","13.5065","6.7951"
"20.3180","13.5199","6.7953"
"20.3380","13.5332","6.7956"
"20.3580","13.5465","6.7955"
"20.3780","13.5599","6.7960"
"20.3980","13.5733","6.7961"
"20.4180","13.5866","6.7962"
"20.4380","13.5999","6.7963"
"20.4580","13.6132","6.7964"
"20.4780","13.6265","6.7967"
"20.4980","13.6398","6.7971"
"20.5180","13.6531","6.7975"
"20.5380","13.6664","6.7974"
"20.5580","13.6798","6.7978"
"20.5780","13.6931","6.7982"
"20.5980","13.7065","6.7984"
"20.6180","13.7198","6.7986"
"20.6380","13.7331","6.7990"
"20.6580","13.7466","6.7993"
"20.6780","13.7599","6.7994"
"20.6980","13.7732","6.7996"
"20.7180","13.7866","6.7996"
"20.7380","13.7999","6.7999"
"20.7580","13.8133","6.8001"
"20.7780","13.8266","6.8002"
"20.7980","13.8399","6.8004"
"20.8180","13.8532","6.8004"
"20.8380","13.8665","6.8007"
"20.8580","13.8799","6.8007"
"20.8780","13.8932","6.8009"
"20.8980","13.9065","6.8012"
"20.9180","13.9198","6.8016"
"20.9380","13.9331","6.8018"
"20.9580","13.9465","6.8020"
"20.9780","13.9598","6.8023"
"20.9980","13.9732","6.8024"
"21.0180","13.9865","6.8030"
"21.0380","13.9999","6.8031"
"21.0580","14.0133","6.8033"
"21.0780","14.0266","6.8032"
"21.0980","14.0399","6.8036"
"21.1180","14.0533","6.8039"
"21.1380","14.0667","6.8039"
"21.1580","14.0799","6.8039"
"21.1780","14.0932","6.8039"
"21.1980","14.1066","6.8043"
"21.2180","14.1199","6.8045"
"21.2380","14.1332","6.8048"
"21.2580","14.1465","6.8048"
"21.2780","14.1598","6.8051"
"21.2980","14.1732","6.8054"
"21.3180","14.1865","6.8057"
"21.3380","14.1998","6.8059"
"21.3580","14.2131","6.8061"
"21.3780","14.2265","6.8064"
"21.3980","14.2399","6.8066"
"21.4180","14.2532","6.8069"
"21.4380","14.2665","6.8070"
"21.4580","14.2799","6.8073"
"21.4780","14.2932","6.8076"
"21.4980","14.3066","6.8077"
"21.5180","14.3199","6.8078"
"21.5380","14.3332","6.8078"
"21.5580","14.3465","6.8080"
"21.5780","14.3599","6.8082"
"21.5980","14.3732","6.8086"
"21.6180","14.3865","6.8086"
"21.6380","14.3998","6.8087"
"21.6580","14.4132","6.8091"
"21.6780","14.4265","6.8092"
"21.6980","14.4398","6.8095"
"21.7180","14.4532","6.8097"
"21.7380","14.4665","6.8099"
"21.7580","14.4798","6.8098"
"21.7780","14.4931","6.8103"
"21.7980","14.5065","6.8106"
"21.8180","14.5198","6.8108"
"21.8380","14.5332","6.8112"
"21.8580","14.5465","6.8113"
"21.8780","14.5599","6.8115"
"21.8980","14.5732","6.8116"
"21.9180","14.5865","6.8118"
"21.9380","14.5999","6.8118"
"21.9580","14.6132","6.8120"
"21.9780","14.6265","6.8119"
"21.9980","14.6398","6.8122"
"22.0180","14.6532","6.8127"
"22.0380","14.6665","6.8129"
"22.0580","14.6799","6.8130"
"22.0780","14.6932","6.8131"
"22.0980","14.7065","6.8135"
"22.1180","14.7199","6.8137"
"22.1380","14.7332","6.8139"
"22.1580","14.7466","6.8139"
"22.1780","14.7599","6.8141"
"22.1980","14.7733","6.8144"
"22.2180","14.7866","6.8144"
"22.2380","14.7999","6.8146"
"22.2580","14.8132","6.8148"
"22.2780","14.8265","6.8149"
"22.2980","14.8399","6.8151"
"22.3180","14.8532","6.8153"
"22.3380","14.8665","6.8154"
"22.3580","14.8798","6.8154"
"22.3780","14.8932","6.8158"
"22.3980","14.9065","6.8160"
"22.4180","14.9198","6.8162"
"22.4380","14.9332","6.8164"
"22.4580","14.9465","6.8168"
"22.4780","14.9599","6.8168"
"22.4980","14.9732","6.8171"
"22.5180","14.9866","6.8174"
"22.5380","14.9999","6.8174"
"22.5580","15.0133","6.8177"
"22.5780","15.0266","6.8178"
"22.5980","15.0400","6.8179"
"22.6180","15.0533","6.8179"
"22.6380","15.0666","6.8182"
"22.6580","15.0799","6.8183"
"22.6780","15.0932","6.8187"
"22.6980","15.1065","6.8187"
"22.7180","15.1199","6.8188"
"22.7380","15.1332","6.8193"
"22.7580","15.1465","6.8193"
"22.7780","15.1599","6.8195"
"22.7980","15.1732","6.8196"
"22.8180","15.1865","6.8199"
"22.8380","15.1998","6.8202"
"22.8580","15.2132","6.8204"
"22.8780","15.2265","6.8204"
"22.8980","15.2398","6.8205"
"22.9180","15.2532","6.8208"
"22.9380","15.2665","6.8209"
"22.9580","15.2799","6.8211"
"22.9780","15.2932","6.8212"
"22.9980","15.3065","6.8213"
"23.0180","15.3198","6.8215"
"23.0380","15.3331","6.8217"
"23.0580","15.3465","6.8219"
"23.0780","15.3598","6.8220"
"23.0980","15.3731","6.8223"
"23.1180","15.3865","6.8224"
"23.1380","15.3999","6.8228"
"23.1580","15.4132","6.8229"
"23.1780","15.4265","6.8230"
"23.1980","15.4399","6.8232"
"23.2180","15.4532","6.8233"
"23.2380","15.4665","6.8236"
"23.2580","15.4799","6.8237"
"23.2780","15.4932","6.8240"
"23.2980","15.5065","6.8241"
"23.3180","15.5199","6.8242"
"23.3380","15.5332","6.8241"
"23.3580","15.5465","6.8243"
"23.3780","15.5598","6.8245"
"23.3980","15.5732","6.8245"
"23.4180","15.5865","6.8248"
"23.4380","15.5998","6.8249"
"23.4580","15.6131","6.8253"
"23.4780","15.6265","6.8255"
"23.4980","15.6398","6.8256"
"23.5180","15.6532","6.8256"
"23.5380","15.6665","6.8260"
"23.5580","15.6799","6.8261"
"23.5780","15.6932","6.8262"
"23.5980","15.7066","6.8264"
"23.6180","15.7199","6.8265"
"23.6380","15.7333","6.8268"
"23.6580","15.7466","6.8268"
"23.6780","15.7599","6.8271"
"23.6980","15.7732","6.8271"
"23.7180","15.7865","6.8273"
"23.7380","15.7999","6.8275"
"23.7580","15.8132","6.8276"
"23.7780","15.8265","6.8275"
"23.7980","15.8398","6.8277"
"23.8180","15.8532","6.8281"
"23.8380","15.8665","6.8282"
"23.8580","15.8799","6.8284"
"23.8780","15.8932","6.8287"
"23.8980","15.9065","6.8288"
"23.9180","15.9199","6.8291"
"23.9380","15.9333","6.8292"
"23.9580","15.9466","6.8292"
"23.9780","15.9599","6.8292"
"23.9980","15.9733","6.8297"
"24.0180","15.9866","6.8297"
"24.0380","16.0000","6.8300"
"24.0580","16.0133","6.8299"
"24.0780","16.0266","6.8298"
"24.0980","16.0399","6.8301"
"24.1180","16.0532","6.8303"
"24.1380","16.0665","6.8304"
"24.1580","16.0798","6.8301"
"24.1780","16.0930","6.8304"
"24.1980","16.1064","6.8306"
"24.2180","16.1197","6.8311"
"24.2380","16.1331","6.8313"
"24.2580","16.1464","6.8314"
"24.2780","16.1598","6.8318"
"24.2980","16.1732","6.8320"
"24.3180","16.1865","6.8322"
"24.3380","16.1999","6.8323"
"24.3580","16.2133","6.8324"
"24.3780","16.2266","6.8324"
"24.3980","16.2399","6.8325"
"24.4180","16.2532","6.8324"
"24.4380","16.2665","6.8326"
"24.4580","16.2799","6.8328"
"24.4780","16.2932","6.8330"
"24.4980","16.3065","6.8330"
"24.5180","16.3198","6.8331"
"24.5380","16.3332","6.8332"
"24.5580","16.3465","6.8334"
"24.5780","16.3598","6.8337"
"24.5980","16.3732","6.8338"
"24.6180","16.3865","6.8340"
"24.6380","16.3999","6.8343"
"24.6580","16.4132","6.8343"
"24.6780","16.4266","6.8346"
"24.6980","16.4399","6.8345"
"24.7180","16.4533","6.8346"
"24.7380","16.4666","6.8348"
"24.7580","16.4799","6.8350"
"24.7780","16.4932","6.8350"
"24.7980","16.5065","6.8350"
"24.8180","16.5199","6.8353"
"24.8380","16.5332","6.8353"
"24.8580","16.5465","6.8356"
"24.8780","16.5598","6.8356"
"24.8980","16.5731","6.8358"
"24.9180","16.5865","6.8359"
"24.9380","16.5998","6.8361"
"24.9580","16.6132","6.8363"
"24.9780","16.6265","6.8366"
"24.9980","16.6399","6.8369"
"25.0180","16.6533","6.8370"
"25.0380","16.6666","6.8371"
"25.0580","16.6799","6.8370"
"25.0780","16.6933","6.8371"
"25.0980","16.7066","6.8372"
"25.1180","16.7199","6.8372"
"25.1380","16.7333","6.8373"
"25.1580","16.7466","6.8375"
"25.1780","16.7599","6.8377"
"25.1980","16.7732","6.8377"
"25.2180","16.7865","6.8379"
"25.2380","16.7998","6.8377"
"25.2580","16.8131","6.8380"
"25.2780","16.8265","6.8383"
"25.2980","16.8398","6.8384"
"25.3180","16.8531","6.8385"
"25.3380","16.8664","6.8388"
"25.3580","16.8798","6.8391"
"25.3780","16.8932","6.8392"
"25.3980","16.9066","6.8394"
"25.4180","16.9199","6.8393"
"25.4380","16.9332","6.8394"
"25.4580","16.9466","6.8397"
"25.4780","16.9599","6.8396"
"25.4980","16.9732","6.8396"
"25.5180","16.9865","6.8396"
"25.5380","16.9999","6.8399"
"25.5580","17.0132","6.8400"
"25.5780","17.0265","6.8403"
"25.5980","17.0398","6.8402"
"25.6180","17.0531","6.8402"
"25.6380","17.0664","6.8405"
"25.6580","17.0798","6.8407"
"25.6780","17.0931","6.8410"
"25.6980","17.1064","6.8409"
"25.7180","17.1198","6.8413"
"25.7380","17.1332","6.8415"
"25.7580","17.1465","6.8416"
"25.7780","17.1598","6.8414"
"25.7980","17.1732","6.8416"
"25.8180","17.1866","6.8419"
"25.8380","17.1999","6.8420"
"25.8580","17.2133","6.8420"
"25.8780","17.2266","6.8419"
"25.8980","17.2399","6.8421"
"25.9180","17.2532","6.8422"
"25.9380","17.2666","6.8425"
"25.9580","17.2799","6.8423"
"25.9780","17.2932","6.8424"
"25.9980","17.3065","6.8426"
"26.0180","17.3199","6.8428"
"26.0380","17.3332","6.8429"
"26.0580","17.3465","6.8428"
"26.0780","17.3599","6.8430"
"26.0980","17.3732","6.8433"
"26.1180","17.3865","6.8434"
"26.1380","17.3999","6.8435"
"26.1580","17.4132","6.8438"
"26.1780","17.4266","6.8438"
"26.1980","17.4399","6.8438"
"26.2180","17.4532","6.8439"
"26.2380","17.4665","6.8439"
"26.2580","17.4799","6.8441"
"26.2780","17.4932","6.8443"
"26.2980","17.5065","6.8444"
"26.3180","17.5198","6.8445"
"26.3380","17.5332","6.8446"
"26.3580","17.5465","6.8448"
"26.3780","17.5598","6.8448"
"26.3980","17.5732","6.8451"
"26.4180","17.5865","6.8452"
"26.4380","17.5999","6.8455"
"26.4580","17.6133","6.8455"
"26.4780","17.6266","6.8456"
"26.4980","17.6399","6.8455"
"26.5180","17.6532","6.8455"
"26.5380","17.6666","6.8458"
"26.5580","17.6799","6.8456"
"26.5780","17.6932","6.8456"
"26.5980","17.7065","6.8457"
"26.6180","17.7198","6.8461"
"26.6380","17.7331","6.8461"
"26.6580","17.7465","6.8463"
"26.6780","17.7598","6.8463"
"26.6980","17.7731","6.8464"
"26.7180","17.7865","6.8467"
"26.7380","17.7998","6.8470"
"26.7580","17.8132","6.8472"
"26.7780","17.8265","6.8472"
"26.7980","17.8399","6.8473"
"26.8180","17.8532","6.8473"
"26.8380","17.8666","6.8473"
"26.8580","17.8799","6.8473"
"26.8780","17.8933","6.8475"
"26.8980","17.9066","6.8478"
"26.9180","17.9199","6.8477"
"26.9380","17.9333","6.8478"
"26.9580","17.9466","6.8477"
"26.9780","17.9599","6.8479"
"26.9980","17.9732","6.8480"
"27.0180","17.9865","6.8480"
"27.0380","17.9998","6.8480"
"27.0580","18.0131","6.8482"
"27.0780","18.0264","6.8487"
"27.0980","18.0398","6.8488"
"27.1180","18.0531","6.8490"
"27.1380","18.0665","6.8490"
"27.1580","18.0799","6.8493"
"27.1780","18.0932","6.8494"
"27.1980","18.1066","6.8492"
"27.2180","18.1199","6.8492"
"27.2380","18.1332","6.8492"
"27.2580","18.1466","6.8495"
"27.2780","18.1599","6.8496"
"27.2980","18.1733","6.8496"
"27.3180","18.1866","6.8495"
"27.3380","18.1999","6.8498"
"27.3580","18.2132","6.8498"
"27.3780","18.2265","6.8499"
"27.3980","18.2398","6.8499"
"27.4180","18.2532","6.8500"
"27.4380","18.2665","6.8503"
"27.4580","18.2798","6.8505"
"27.4780","18.2932","6.8508"
"27.4980","18.3065","6.8508"
"27.5180","18.3198","6.8509"
"27.5380","18.3332","6.8510"
"27.5580","18.3466","6.8512"
"27.5780","18.3599","6.8512"
"27.5980","18.3732","6.8512"
"27.6180","18.3866","6.8514"
"27.6380","18.3999","6.8515"
"27.6580","18.4133","6.8514"
"27.6780","18.4266","6.8514"
"27.6980","18.4399","6.8514"
"27.7180","18.4531","6.8515"
"27.7380","18.4665","6.8516"
"27.7580","18.4798","6.8518"
"27.7780","18.4931","6.8518"
"27.7980","18.5065","6.8521"
"27.8180","18.5198","6.8523"
"27.8380","18.5331","6.8524"
"27.8580","18.5465","6.8525"
"27.8780","18.5598","6.8527"
"27.8980","18.5732","6.8528"
"27.9180","18.5866","6.8528"
"27.9380","18.5999","6.8530"
"27.9580","18.6132","6.8529"
"27.9780","18.6266","6.8531"
"27.9980","18.6399","6.8532"
"28.0180","18.6533","6.8533"
"28.0380","18.6666","6.8531"
"28.0580","18.6799","6.8533"
"28.0780","18.6932","6.8533"
"28.0980","18.7065","6.8534"
"28.1180","18.7198","6.8534"
"28.1380","18.7331","6.8535"
"28.1580","18.7465","6.8539"
"28.1780","18.7598","6.8539"
"28.1980","18.7731","6.8540"
"28.2180","18.7864","6.8540"
"28.2380","18.7998","6.8543"
"28.2580","18.8132","6.8545"
"28.2780","18.8265","6.8546"
"28.2980","18.8399","6.8546"
"28.3180","18.8532","6.8545"
"28.3380","18.8666","6.8547"
"28.3580","18.8800","6.8549"
"28.3780","18.8933","6.8549"
"28.3980","18.9066","6.8548"
"28.4180","18.9199","6.8548"
"28.4380","18.9332","6.8549"
"28.4580","18.9465","6.8550"
"28.4780","18.9599","6.8551"
"28.4980","18.9732","6.8552"
"28.5180","18.9865","6.8554"
"28.5380","18.9998","6.8555"
"28.5580","19.0132","6.8557"
"28.5780","19.0265","6.8557"
"28.5980","19.0398","6.8556"
"28.6180","19.0532","6.8559"
"28.6380","19.0665","6.8560"
"28.6580","19.0799","6.8562"
"28.6780","19.0932","6.8563"
"28.6980","19.1066","6.8565"
"28.7180","19.1199","6.8563"
"28.7380","19.1333","6.8564"
"28.7580","19.1466","6.8562"
"28.7780","19.1599","6.8563"
"28.7980","19.1732","6.8567"
"28.8180","19.1866","6.8568"
"28.8380","19.1999","6.8569"
"28.8580","19.2132","6.8567"
"28.8780","19.2265","6.8569"
"28.8980","19.2399","6.8569"
"28.9180","19.2532","6.8571"
"28.9380","19.2665","6.8571"
"28.9580","19.2799","6.8572"
"28.9780","19.2932","6.8572"
"28.9980","19.3065","6.8573"
"29.0180","19.3198","6.8576"
"29.0380","19.3332","6.8576"
"29.0580","19.3465","6.8578"
"29.0780","19.3599","6.8579"
"29.0980","19.3733","6.8579"
"29.1180","19.3866","6.8579"
"29.1380","19.3999","6.8581"
"29.1580","19.4132","6.8582"
"29.1780","19.4265","6.8582"
"29.1980","19.4399","6.8583"
"29.2180","19.4532","6.8582"
"29.2380","19.4665","6.8583"
"29.2580","19.4798","6.8585"
"29.2780","19.4932","6.8586"
"29.2980","19.5065","6.8588"
"29.3180","19.5199","6.8589"
"29.3380","19.5332","6.8590"
"29.3580","19.5466","6.8590"
"29.3780","19.5599","6.8591"
"29.3980","19.5732","6.8590"
"29.4180","19.5866","6.8591"
"29.4380","19.5999","6.8591"
"29.4580","19.6132","6.8591"
"29.4780","19.6265","6.8592"
"29.4980","19.6398","6.8592"
"29.5180","19.6532","6.8593"
"29.5380","19.6665","6.8594"
"29.5580","19.6798","6.8596"
"29.5780","19.6931","6.8594"
"29.5980","19.7064","6.8596"
"29.6180","19.7198","6.8597"
"29.6380","19.7331","6.8599"
"29.6580","19.7464","6.8600"
"29.6780","19.7598","6.8603"
"29.6980","19.7732","6.8605"
"29.7180","19.7865","6.8605"
"29.7380","19.7999","6.8606"
"29.7580","19.8133","6.8604"
"29.7780","19.8266","6.8604"
"29.7980","19.8399","6.8604"
"29.8180","19.8533","6.8606"
"29.8380","19.8666","6.8607"
"29.8580","19.8799","6.8605"
"29.8780","19.8932","6.8604"
"29.8980","19.9066","6.8605"
"29.9180","19.9199","6.8607"
"29.9380","19.9332","6.8607"
"29.9580","19.9465","6.8609"
"29.9780","19.9598","6.8610"
"29.9980","19.9732","6.8610"
"30.0180","19.9865","6.8611"
"30.0380","19.9998","6.8611"
"30.0580","20.0131","6.8613"
"30.0780","20.0265","6.8616"
"30.0980","20.0399","6.8618"
"30.1180","20.0532","6.8616"
"30.1380","20.0665","6.8618"
"30.1580","20.0799","6.8620"
"30.1780","20.0932","6.8619"
"30.1980","20.1066","6.8620"
"30.2180","20.1199","6.8619"
"30.2380","20.1332","6.8619"
"30.2580","20.1465","6.8619"
"30.2780","20.1598","6.8621"
"30.2980","20.1732","6.8621"
"30.3180","20.1865","6.8622"
"30.3380","20.1998","6.8625"
"30.3580","20.2132","6.8625"
"30.3780","20.2265","6.8624"
"30.3980","20.2398","6.8623"
"30.4180","20.2532","6.8627"
"30.4380","20.2666","6.8626"
"30.4580","20.2799","6.8627"
"30.4780","20.2932","6.8627"
"30.4980","20.3066","6.8628"
"30.5180","20.3199","6.8630"
"30.5380","20.3333","6.8630"
"30.5580","20.3466","6.8629"
"30.5780","20.3599","6.8628"
"30.5980","20.3732","6.8628"
"30.6180","20.3865","6.8629"
"30.6380","20.3999","6.8631"
"30.6580","20.4132","6.8631"
"30.6780","20.4265","6.8631"
"30.6980","20.4399","6.8634"
"30.7180","20.4532","6.8634"
"30.7380","20.4665","6.8635"
"30.7580","20.4799","6.8636"
"30.7780","20.4932","6.8637"
"30.7980","20.5066","6.8636"
"30.8180","20.5199","6.8637"
"30.8380","20.5333","6.8638"
"30.8580","20.5466","6.8638"
"30.8780","20.5599","6.8639"
"30.8980","20.5733","6.8638"
"30.9180","20.5866","6.8639"
"30.9380","20.5999","6.8638"
"30.9580","20.6132","6.8640"
"30.9780","20.6265","6.8640"
"30.9980","20.6398","6.8641"
"31.0180","20.6531","6.8639"
"31.0380","20.6664","6.8640"
"31.0580","20.6798","6.8644"
"31.0780","20.6931","6.8643"
"31.0980","20.7065","6.8646"
"31.1180","20.7198","6.8646"
"31.1380","20.7332","6.8648"
"31.1580","20.7465","6.8648"
"31.1780","20.7599","6.8649"
"31.1980","20.7732","6.8648"
"31.2180","20.7866","6.8649"
"31.2380","20.8000","6.8650"
"31.2580","20.8133","6.8649"
"31.2780","20.8266","6.8648"
"31.2980","20.8399","6.8647"
"31.3180","20.8532","6.8648"
"31.3380","20.8665","6.8648"
"31.3580","20.8798","6.8650"
"31.3780","20.8931","6.8649"
"31.3980","20.9064","6.8647"
"31.4180","20.9197","6.8649"
"31.4380","20.9331","6.8651"
"31.4580","20.9464","6.8654"
"31.4780","20.9597","6.8655"
"31.4980","20.9731","6.8656"
"31.5180","20.9865","6.8658"
"31.5380","20.9999","6.8659"
"31.5580","21.0133","6.8660"
"31.5780","21.0266","6.8659"
"31.5980","21.0399","6.8659"
"31.6180","21.0533","6.8659"
"31.6380","21.0666","6.8660"
"31.6580","21.0799","6.8658"
"31.6780","21.0932","6.8658"
"31.6980","21.1066","6.8659"
"31.7180","21.1199","6.8658"
"31.7380","21.1332","6.8658"
"31.7580","21.1465","6.8658"
"31.7780","21.1599","6.8660"
"31.7980","21.1732","6.8660"
"31.8180","21.1865","6.8662"
"31.8380","21.1998","6.8660"
"31.8580","21.2132","6.8662"
"31.8780","21.2265","6.8664"
"31.8980","21.2399","6.8664"
"31.9180","21.2533","6.8664"
"31.9380","21.2666","6.8664"
"31.9580","21.2799","6.8665"
"31.9780","21.2933","6.8665"
"31.9980","21.3066","6.8665"
"32.0180","21.3199","6.8662"
"32.0380","21.3332","6.8664"
"32.0580","21.3465","6.8664"
"32.0780","21.3598","6.8665"
"32.0980","21.3732","6.8666"
"32.1180","21.3865","6.8664"
"32.1380","21.3998","6.8666"
"32.1580","21.4131","6.8668"
"32.1780","21.4265","6.8669"
"32.1980","21.4398","6.8668"
"32.2180","21.4532","6.8670"
"32.2380","21.4665","6.8672"
"32.2580","21.4799","6.8671"
"32.2780","21.4932","6.8671"
"32.2980","21.5065","6.8669"
"32.3180","21.5199","6.8671"
"32.3380","21.5332","6.8671"
"32.3580","21.5466","6.8671"
"32.3780","21.5599","6.8669"
"32.3980","21.5732","6.8669"
"32.4180","21.5865","6.8671"
"32.4380","21.5998","6.8670"
"32.4580","21.6131","6.8670"
"32.4780","21.6264","6.8669"
"32.4980","21.6398","6.8671"
"32.5180","21.6531","6.8671"
"32.5380","21.6664","6.8672"
"32.5580","21.6797","6.8672"
"32.5780","21.6931","6.8676"
"32.5980","21.7065","6.8677"
"32.6180","21.7198","6.8676"
"32.6380","21.7332","6.8676"
"32.6580","21.7465","6.8675"
"32.6780","21.7599","6.8677"
"32.6980","21.7732","6.8677"
"32.7180","21.7866","6.8677"
"32.7380","21.7999","6.8675"
"32.7580","21.8132","6.8674"
"32.7780","21.8266","6.8675"
"32.7980","21.8399","6.8676"
"32.8180","21.8532","6.8677"
"32.8380","21.8665","6.8675"
"32.8580","21.8798","6.8676"
"32.8780","21.8932","6.8677"
"32.8980","21.9065","6.8677"
"32.9180","21.9198","6.8676"
"32.9380","21.9331","6.8678"
"32.9580","21.9465","6.8679"
"32.9780","21.9599","6.8680"
"32.9980","21.9732","6.8680"
"33.0180","21.9865","6.8679"
"33.0380","21.9999","6.8680"
"33.0580","22.0133","6.8681"
"33.0780","22.0266","6.8681"
"33.0980","22.0399","6.8681"
"33.1180","22.0533","6.8678"
"33.1380","22.0666","6.8678"
"33.1580","22.0799","6.8679"
"33.1780","22.0932","6.8682"
"33.1980","22.1065","6.8680"
"33.2180","22.1198","6.8681"
"33.2380","22.1332","6.8681"
"33.2580","22.1465","6.8681"
"33.2780","22.1598","6.8682"
"33.2980","22.1732","6.8681"
"33.3180","22.1866","6.8684"
"33.3380","22.1999","6.8683"
"33.3580","22.2133","6.8683"
"33.3780","22.2266","6.8681"
"33.3980","22.2399","6.8683"
"33.4180","22.2533","6.8681"
"33.4380","22.2666","6.8681"
"33.4580","22.2799","6.8681"
"33.4780","22.2932","6.8681"
"33.4980","22.3065","6.8682"
"33.5180","22.3199","6.8681"
"33.5380","22.3332","6.8681"
"33.5580","22.3465","6.8680"
"33.5780","22.3598","6.8682"
"33.5980","22.3732","6.8682"
"33.6180","22.3865","6.8683"
"33.6380","22.3998","6.8683"
"33.6580","22.4132","6.8685"
"33.6780","22.4265","6.8686"
"33.6980","22.4399","6.8685"
"33.7180","22.4533","6.8685"
"33.7380","22.4666","6.8683"
"33.7580","22.4799","6.8683"
"33.7780","22.4933","6.8684"
"33.7980","22.5065","6.8682"
"33.8180","22.5198","6.8681"
"33.8380","22.5331","6.8681"
"33.8580","22.5465","6.8683"
"33.8780","22.5598","6.8682"
"33.8980","22.5731","6.8684"
"33.9180","22.5864","6.8682"
"33.9380","22.5998","6.8683"
"33.9580","22.6131","6.8685"
"33.9780","22.6265","6.8687"
"33.9980","22.6399","6.8687"
"34.0180","22.6532","6.8686"
"34.0380","22.6666","6.8687"
"34.0580","22.6799","6.8686"
"34.0780","22.6933","6.8687"
"34.0980","22.7066","6.8684"
"34.1180","22.7200","6.8685"
"34.1380","22.7333","6.8684"
"34.1580","22.7466","6.8683"
"34.1780","22.7599","6.8683"
"34.1980","22.7732","6.8682"
"34.2180","22.7866","6.8683"
"34.2380","22.7999","6.8682"
"34.2580","22.8132","6.8681"
"34.2780","22.8265","6.8680"
"34.2980","22.8398","6.8682"
"34.3180","22.8532","6.8682"
"34.3380","22.8665","6.8682"
"34.3580","22.8798","6.8682"
"34.3780","22.8932","6.8682"
"34.3980","22.9066","6.8684"
"34.4180","22.9199","6.8684"
"34.4380","22.9332","6.8684"
"34.4580","22.9466","6.8683"
"34.4780","22.9599","6.8683"
"34.4980","22.9732","6.8683"
"34.5180","22.9866","6.8682"
"34.5380","22.9999","6.8680"
"34.5580","23.0132","6.8680"
"34.5780","23.0265","6.8681"
"34.5980","23.0399","6.8681"
"34.6180","23.0532","6.8681"
"34.6380","23.0665","6.8680"
"34.6580","23.0798","6.8679"
"34.6780","23.0932","6.8679"
"34.6980","23.1065","6.8679"
"34.7180","23.1199","6.8680"
"34.7380","23.1332","6.8680"
"34.7580","23.1465","6.8681"
"34.7780","23.1599","6.8681"
"34.7980","23.1732","6.8683"
"34.8180","23.1865","6.8681"
"34.8380","23.1999","6.8680"
"34.8580","23.2132","6.8680"
"34.8780","23.2265","6.8680"
"34.8980","23.2398","6.8681"
"34.9180","23.2532","6.8679"
"34.9380","23.2665","6.8679"
"34.9580","23.2798","6.8678"
"34.9780","23.2931","6.8679"
"34.9980","23.3064","6.8678"
"35.0180","23.3197","6.8678"
"35.0380","23.3331","6.8679"
"35.0580","23.3465","6.8680"
"35.0780","23.3598","6.8679"
"35.0980","23.3731","6.8678"
"35.1180","23.3865","6.8680"
"35.1380","23.3999","6.8680"
"35.1580","23.4132","6.8680"
"35.1780","23.4266","6.8679"
"35.1980","23.4399","6.8678"
"35.2180","23.4533","6.8676"
"35.2380","23.4666","6.8676"
"35.2580","23.4799","6.8677"
"35.2780","23.4932","6.8676"
"35.2980","23.5065","6.8677"
"35.3180","23.5199","6.8676"
"35.3380","23.5332","6.8675"
"35.3580","23.5465","6.8676"
"35.3780","23.5598","6.8675"
"35.3980","23.5732","6.8677"
"35.4180","23.5865","6.8677"
"35.4380","23.5998","6.8678"
"35.4580","23.6132","6.8677"
"35.4780","23.6265","6.8677"
"35.4980","23.6399","6.8677"
"35.5180","23.6533","6.8678"
"35.5380","23.6666","6.8677"
"35.5580","23.6799","6.8676"
"35.5780","23.6933","6.8678"
"35.5980","23.7066","6.8675"
"35.6180","23.7199","6.8673"
"35.6380","23.7332","6.8672"
"35.6580","23.7465","6.8673"
"35.6780","23.7599","6.8671"
"35.6980","23.7732","6.8673"
"35.7180","23.7865","6.8671"
"35.7380","23.7998","6.8671"
"35.7580","23.8131","6.8671"
"35.7780","23.8265","6.8672"
"35.7980","23.8398","6.8673"
"35.8180","23.8531","6.8672"
"35.8380","23.8665","6.8673"
"35.8580","23.8799","6.8674"
"35.8780","23.8932","6.8674"
"35.8980","23.9066","6.8671"
"35.9180","23.9199","6.8670"
"35.9380","23.9333","6.8671"
"35.9580","23.9466","6.8670"
"35.9780","23.9599","6.8669"
"35.9980","23.9732","6.8666"
"36.0180","23.9865","6.8667"
"36.0380","23.9998","6.8668"
"36.0580","24.0132","6.8667"
"36.0780","24.0265","6.8667"
"36.0980","24.0398","6.8666"
"36.1180","24.0532","6.8666"
"36.1380","24.0665","6.8666"
"36.1580","24.0798","6.8666"
"36.1780","24.0931","6.8665"
"36.1980","24.1065","6.8666"
"36.2180","24.1198","6.8666"
"36.2380","24.1331","6.8665"
"36.2580","24.1465","6.8666"
"36.2780","24.1598","6.8665"
"36.2980","24.1732","6.8667"
"36.3180","24.1865","6.8666"
"36.3380","24.1999","6.8666"
"36.3580","24.2132","6.8663"
"36.3780","24.2265","6.8664"
"36.3980","24.2399","6.8663"
"36.4180","24.2532","6.8663"
"36.4380","24.2665","6.8662"
"36.4580","24.2798","6.8660"
"36.4780","24.2932","6.8661"
"36.4980","24.3065","6.8660"
"36.5180","24.3199","6.8663"
"36.5380","24.3332","6.8662"
"36.5580","24.3465","6.8663"
"36.5780","24.3599","6.8661"
"36.5980","24.3733","6.8660"
"36.6180","24.3866","6.8659"
"36.6380","24.3999","6.8657"
"36.6580","24.4133","6.8658"
"36.6780","24.4266","6.8656"
"36.6980","24.4399","6.8656"
"36.7180","24.4532","6.8656"
"36.7380","24.4666","6.8657"
"36.7580","24.4799","6.8656"
"36.7780","24.4932","6.8655"
"36.7980","24.5065","6.8655"
"36.8180","24.5198","6.8652"
"36.8380","24.5332","6.8654"
"36.8580","24.5465","6.8654"
"36.8780","24.5598","6.8654"
"36.8980","24.5731","6.8653"
"36.9180","24.5865","6.8654"
"36.9380","24.5999","6.8655"
"36.9580","24.6132","6.8653"
"36.9780","24.6266","6.8654"
"36.9980","24.6399","6.8652"
"37.0180","24.6533","6.8652"
"37.0380","24.6666","6.8651"
"37.0580","24.6800","6.8651"
"37.0780","24.6933","6.8646"
"37.0980","24.7066","6.8646"
"37.1180","24.7199","6.8646"
"37.1380","24.7332","6.8646"
"37.1580","24.7465","6.8646"
"37.1780","24.7598","6.8643"
"37.1980","24.7732","6.8645"
"37.2180","24.7865","6.8643"
"37.2380","24.7998","6.8644"
"37.2580","24.8132","6.8642"
"37.2780","24.8265","6.8643"
"37.2980","24.8398","6.8644"
"37.3180","24.8532","6.8644"
"37.3380","24.8666","6.8644"
"37.3580","24.8799","6.8642"
"37.3780","24.8932","6.8642"
"37.3980","24.9066","6.8641"
"37.4180","24.9199","6.8641"
"37.4380","24.9332","6.8639"
"37.4580","24.9465","6.8639"
"37.4780","24.9599","6.8639"
"37.4980","24.9732","6.8635"
"37.5180","24.9865","6.8636"
"37.5380","24.9998","6.8635"
"37.5580","25.0131","6.8636"
"37.5780","25.0265","6.8636"
"37.5980","25.0398","6.8636"
"37.6180","25.0531","6.8635"
"37.6380","25.0665","6.8634"
"37.6580","25.0799","6.8635"
"37.6780","25.0932","6.8634"
"37.6980","25.1065","6.8634"
"37.7180","25.1199","6.8632"
"37.7380","25.1332","6.8633"
"37.7580","25.1466","6.8632"
"37.7780","25.1599","6.8632"
"37.7980","25.1732","6.8629"
"37.8180","25.1865","6.8626"
"37.8380","25.1998","6.8626"
"37.8580","25.2131","6.8625"
"37.8780","25.2265","6.8628"
"37.8980","25.2398","6.8625"
"37.9180","25.2531","6.8627"
"37.9380","25.2665","6.8626"
"37.9580","25.2798","6.8624"
"37.9780","25.2932","6.8624"
"37.9980","25.3065","6.8626"
"38.0180","25.3199","6.8625"
"38.0380","25.3332","6.8625"
"38.0580","25.3466","6.8625"
"38.0780","25.3599","6.8621"
"38.0980","25.3733","6.8622"
"38.1180","25.3866","6.8621"
"38.1380","25.4000","6.8620"
"38.1580","25.4132","6.8619"
"38.1780","25.4265","6.8618"
"38.1980","25.4399","6.8617"
"38.2180","25.4532","6.8617"
"38.2380","25.4665","6.8615"
"38.2580","25.4798","6.8612"
"38.2780","25.4931","6.8615"
"38.2980","25.5065","6.8616"
"38.3180","25.5198","6.8616"
"38.3380","25.5332","6.8616"
"38.3580","25.5465","6.8615"
"38.3780","25.5599","6.8615"
"38.3980","25.5732","6.8614"
"38.4180","25.5866","6.8613"
"38.4380","25.5999","6.8610"
"38.4580","25.6133","6.8610"
"38.4780","25.6266","6.8611"
"38.4980","25.6400","6.8610"
"38.5180","25.6533","6.8608"
"38.5380","25.6666","6.8604"
"38.5580","25.6799","6.8605"
"38.5780","25.6932","6.8604"
"38.5980","25.7065","6.8603"
"38.6180","25.7198","6.8600"
"38.6380","25.7331","6.8599"
"38.6580","25.7464","6.8600"
"38.6780","25.7598","6.8603"
"38.6980","25.7731","6.8603"
"38.7180","25.7864","6.8600"
"38.7380","25.7998","6.8602"
"38.7580","25.8131","6.8601"
"38.7780","25.8265","6.8603"
"38.7980","25.8399","6.8600"
"38.8180","25.8533","6.8599"
"38.8380","25.8666","6.8598"
"38.8580","25.8799","6.8597"
"38.8780","25.8933","6.8594"
"38.8980","25.9065","6.8592"
"38.9180","25.9199","6.8592"
"38.9380","25.9332","6.8592"
"38.9580","25.9466","6.8591"
"38.9780","25.9599","6.8589"
"38.9980","25.9732","6.8588"
"39.0180","25.9865","6.8587"
"39.0380","25.9998","6.8587"
"39.0580","26.0132","6.8587"
"39.0780","26.0265","6.8585"
"39.0980","26.0399","6.8586"
"39.1180","26.0532","6.8585"
"39.1380","26.0666","6.8586"
"39.1580","26.0799","6.8583"
"39.1780","26.0932","6.8582"
"39.1980","26.1066","6.8582"
"39.2180","26.1199","6.8581"
"39.2380","26.1333","6.8580"
"39.2580","26.1465","6.8576"
"39.2780","26.1599","6.8576"
"39.2980","26.1732","6.8573"
"39.3180","26.1865","6.8574"
"39.3380","26.1998","6.8573"
"39.3580","26.2131","6.8573"
"39.3780","26.2265","6.8573"
"39.3980","26.2398","6.8573"
"39.4180","26.2532","6.8573"
"39.4380","26.2665","6.8572"
"39.4580","26.2799","6.8573"
"39.4780","26.2932","6.8571"
"39.4980","26.3066","6.8571"
"39.5180","26.3199","6.8567"
"39.5380","26.3333","6.8566"
"39.5580","26.3466","6.8566"
"39.5780","26.3599","6.8565"
"39.5980","26.3733","6.8564"
"39.6180","26.3866","6.8560"
"39.6380","26.3999","6.8559"
"39.6580","26.4132","6.8559"
"39.6780","26.4265","6.8559"
"39.6980","26.4398","6.8556"
"39.7180","26.4531","6.8556"
"39.7380","26.4664","6.8556"
"39.7580","26.4797","6.8555"
"39.7780","26.4931","6.8556"
"39.7980","26.5064","6.8556"
"39.8180","26.5198","6.8557"
"39.8380","26.5332","6.8556"
"39.8580","26.5465","6.8555"
"39.8780","26.5599","6.8553"
"39.8980","26.5732","6.8550"
"39.9180","26.5866","6.8550"
"39.9380","26.6000","6.8548"
"39.9580","26.6133","6.8547"
"39.9780","26.6266","6.8544"
"39.9980","26.6399","6.8544"
"40.0180","26.6533","6.8543"
"40.0380","26.6666","6.8541"
"40.0580","26.6799","6.8539"
"40.0780","26.6932","6.8538"
"40.0980","26.7065","6.8539"
"40.1180","26.7198","6.8538"
"40.1380","26.7332","6.8538"
"40.1580","26.7465","6.8536"
"40.1780","26.7598","6.8537"
"40.1980","26.7732","6.8536"
"40.2180","26.7865","6.8535"
"40.2380","26.7999","6.8531"
"40.2580","26.8132","6.8530"
"40.2780","26.8266","6.8531"
"40.2980","26.8399","6.8529"
"40.3180","26.8533","6.8528"
"40.3380","26.8666","6.8526"
"40.3580","26.8799","6.8525"
"40.3780","26.8932","6.8524"
"40.3980","26.9066","6.8524"
"40.4180","26.9199","6.8521"
"40.4380","26.9332","6.8520"
"40.4580","26.9465","6.8519"
"40.4780","26.9598","6.8518"
"40.4980","26.9732","6.8517"
"40.5180","26.9865","6.8515"
"40.5380","26.9998","6.8514"
"40.5580","27.0132","6.8514"
"40.5780","27.0265","6.8513"
"40.5980","27.0399","6.8512"
"40.6180","27.0532","6.8511"
"40.6380","27.0666","6.8509"
"40.6580","27.0799","6.8505"
"40.6780","27.0932","6.8505"
"40.6980","27.1065","6.8502"
"40.7180","27.1199","6.8501"
"40.7380","27.1332","6.8501"
"40.7580","27.1465","6.8500"
"40.7780","27.1598","6.8498"
"40.7980","27.1732","6.8496"
"40.8180","27.1865","6.8496"
"40.8380","27.1998","6.8493"
"40.8580","27.2132","6.8495"
"40.8780","27.2265","6.8493"
"40.8980","27.2399","6.8492"
"40.9180","27.2532","6.8491"
"40.9380","27.2666","6.8490"
"40.9580","27.2799","6.8488"
"40.9780","27.2932","6.8484"
"40.9980","27.3066","6.8484"
"41.0180","27.3199","6.8481"
"41.0380","27.3332","6.8479"
"41.0580","27.3465","6.8475"
"41.0780","27.3598","6.8475"
"41.0980","27.3731","6.8475"
"41.1180","27.3865","6.8475"
"41.1380","27.3998","6.8474"
"41.1580","27.4131","6.8471"
"41.1780","27.4265","6.8472"
"41.1980","27.4398","6.8472"
"41.2180","27.4532","6.8470"
"41.2380","27.4665","6.8466"
"41.2580","27.4799","6.8466"
"41.2780","27.4932","6.8464"
"41.2980","27.5066","6.8463"
"41.3180","27.5199","6.8461"
"41.3380","27.5333","6.8459"
"41.3580","27.5466","6.8458"
"41.3780","27.5599","6.8456"
"41.3980","27.5733","6.8454"
"41.4180","27.5866","6.8452"
"41.4380","27.5999","6.8451"
"41.4580","27.6132","6.8449"
"41.4780","27.6265","6.8446"
"41.4980","27.6398","6.8445"
"41.5180","27.6531","6.8442"
"41.5380","27.6665","6.8443"
"41.5580","27.6798","6.8441"
"41.5780","27.6932","6.8441"
"41.5980","27.7065","6.8439"
"41.6180","27.7198","6.8439"
"41.6380","27.7332","6.8438"
"41.6580","27.7465","6.8435"
"41.6780","27.7599","6.8433"
"41.6980","27.7732","6.8429"
"41.7180","27.7865","6.8430"
"41.7380","27.7999","6.8429"
"41.7580","27.8133","6.8429"
"41.7780","27.8265","6.8425"
"41.7980","27.8399","6.8424"
"41.8180","27.8532","6.8422"
"41.8380","27.8665","6.8419"
"41.8580","27.8798","6.8416"
"41.8780","27.8932","6.8415"
"41.8980","27.9065","6.8416"
"41.9180","27.9198","6.8414"
"41.9380","27.9332","6.8412"
"41.9580","27.9465","6.8411"
"41.9780","27.9598","6.8409"
"41.9980","27.9732","6.8409"
"42.0180","27.9866","6.8407"
"42.0380","27.9999","6.8405"
"42.0580","28.0132","6.8403"
"42.0780","28.0266","6.8402"
"42.0980","28.0399","6.8399"
"42.1180","28.0532","6.8397"
"42.1380","28.0665","6.8394"
"42.1580","28.0798","6.8391"
"42.1780","28.0931","6.8390"
"42.1980","28.1064","6.8389"
"42.2180","28.1198","6.8390"
"42.2380","28.1331","6.8386"
"42.2580","28.1464","6.8386"
"42.2780","28.1598","6.8385"
"42.2980","28.1731","6.8383"
"42.3180","28.1864","6.8382"
"42.3380","28.1998","6.8381"
"42.3580","28.2132","6.8381"
"42.3780","28.2266","6.8379"
"42.3980","28.2399","6.8377"
"42.4180","28.2533","6.8373"
"42.4380","28.2666","6.8372"
"42.4580","28.2799","6.8370"
"42.4780","28.2933","6.8368"
"42.4980","28.3066","6.8365"
"42.5180","28.3199","6.8363"
"42.5380","28.3332","6.8361"
"42.5580","28.3465","6.8360"
"42.5780","28.3598","6.8359"
"42.5980","28.3731","6.8357"
"42.6180","28.3865","6.8356"
"42.6380","28.3998","6.8353"
"42.6580","28.4131","6.8352"
"42.6780","28.4265","6.8351"
"42.6980","28.4398","6.8351"
"42.7180","28.4532","6.8349"
"42.7380","28.4666","6.8347"
"42.7580","28.4800","6.8345"
"42.7780","28.4933","6.8342"
"42.7980","28.5066","6.8341"
"42.8180","28.5200","6.8340"
"42.8380","28.5333","6.8335"
"42.8580","28.5466","6.8332"
"42.8780","28.5599","6.8330"
"42.8980","28.5732","6.8329"
"42.9180","28.5865","6.8327"
"42.9380","28.5998","6.8327"
"42.9580","28.6131","6.8322"
"42.9780","28.6264","6.8321"
"42.9980","28.6398","6.8321"
"43.0180","28.6531","6.8320"
"43.0380","28.6665","6.8320"
"43.0580","28.6798","6.8317"
"43.0780","28.6931","6.8317"
"43.0980","28.7065","6.8315"
"43.1180","28.7199","6.8313"
"43.1380","28.7332","6.8309"
"43.1580","28.7466","6.8308"
"43.1780","28.7599","6.8305"
"43.1980","28.7732","6.8303"
"43.2180","28.7866","6.8300"
"43.2380","28.7999","6.8296"
"43.2580","28.8132","6.8293"
"43.2780","28.8265","6.8292"
"43.2980","28.8399","6.8292"
"43.3180","28.8532","6.8289"
"43.3380","28.8665","6.8287"
"43.3580","28.8798","6.8284"
"43.3780","28.8931","6.8282"
"43.3980","28.9065","6.8281"
"43.4180","28.9198","6.8279"
"43.4380","28.9331","6.8278"
"43.4580","28.9464","6.8275"
"43.4780","28.9598","6.8275"
"43.4980","28.9732","6.8273"
"43.5180","28.9865","6.8272"
"43.5380","28.9999","6.8270"
"43.5580","29.0132","6.8267"
"43.5780","29.0266","6.8265"
"43.5980","29.0399","6.8262"
"43.6180","29.0533","6.8261"
"43.6380","29.0666","6.8257"
"43.6580","29.0799","6.8254"
"43.6780","29.0932","6.8251"
"43.6980","29.1065","6.8248"
"43.7180","29.1198","6.8247"
"43.7380","29.1332","6.8246"
"43.7580","29.1466","6.8245"
"43.7780","29.1599","6.8241"
"43.7980","29.1732","6.8241"
"43.8180","29.1866","6.8239"
"43.8380","29.1999","6.8237"
"43.8580","29.2132","6.8233"
"43.8780","29.2266","6.8231"
"43.8980","29.2399","6.8229"
"43.9180","29.2532","6.8225"
"43.9380","29.2666","6.8224"
"43.9580","29.2799","6.8219"
"43.9780","29.2932","6.8216"
"43.9980","29.3065","6.8213"
"44.0180","29.3199","6.8213"
"44.0380","29.3332","6.8211"
"44.0580","29.3465","6.8208"
"44.0780","29.3598","6.8206"
"44.0980","29.3731","6.8204"
"44.1180","29.3865","6.8202"
"44.1380","29.3998","6.8200"
"44.1580","29.4132","6.8199"
"44.1780","29.4265","6.8197"
"44.1980","29.4399","6.8194"
"44.2180","29.4532","6.8191"
"44.2380","29.4666","6.8188"
"44.2580","29.4799","6.8186"
"44.2780","29.4932","6.8183"
"44.2980","29.5066","6.8181"
"44.3180","29.5199","6.8177"
"44.3380","29.5332","6.8174"
"44.3580","29.5465","6.8172"
"44.3780","29.5598","6.8170"
"44.3980","29.5731","6.8167"
"44.4180","29.5865","6.8164"
"44.4380","29.5998","6.8164"
"44.4580","29.6131","6.8160"
"44.4780","29.6265","6.8157"
"44.4980","29.6398","6.8153"
"44.5180","29.6531","6.8153"
"44.5380","29.6665","6.8151"
"44.5580","29.6799","6.8150"
"44.5780","29.6932","6.8145"
"44.5980","29.7065","6.8141"
"44.6180","29.7199","6.8140"
"44.6380","29.7332","6.8136"
"44.6580","29.7466","6.8132"
"44.6780","29.7599","6.8129"
"44.6980","29.7732","6.8128"
"44.7180","29.7865","6.8123"
"44.7380","29.7998","6.8123"
"44.7580","29.8132","6.8120"
"44.7780","29.8265","6.8116"
"44.7980","29.8398","6.8114"
"44.8180","29.8532","6.8112"
"44.8380","29.8665","6.8109"
"44.8580","29.8798","6.8105"
"44.8780","29.8932","6.8104"
"44.8980","29.9066","6.8102"
"44.9180","29.9199","6.8099"
"44.9380","29.9332","6.8095"
"44.9580","29.9465","6.8091"
"44.9780","29.9599","6.8089"
"44.9980","29.9732","6.8087"
"45.0180","29.9866","6.8082"
"45.0380","29.9999","6.8077"
"45.0580","30.0132","6.8074"
"45.0780","30.0265","6.8073"
"45.0980","30.0398","6.8070"
"45.1180","30.0532","6.8068"
"45.1380","30.0665","6.8064"
"45.1580","30.0798","6.8062"
"45.1780","30.0932","6.8059"
"45.1980","30.1065","6.8056"
"45.2180","30.1199","6.8052"
"45.2380","30.1332","6.8050"
"45.2580","30.1466","6.8047"
"45.2780","30.1599","6.8044"
"45.2980","30.1733","6.8041"
"45.3180","30.1866","6.8037"
"45.3380","30.1999","6.8035"
"45.3580","30.2133","6.8030"
"45.3780","30.2266","6.8026"
"45.3980","30.2399","6.8020"
"45.4180","30.2532","6.8019"
"45.4380","30.2665","6.8016"
"45.4580","30.2798","6.8012"
"45.4780","30.2932","6.8008"
"45.4980","30.3065","6.8003"
"45.5180","30.3198","6.8002"
"45.5380","30.3331","6.8000"
"45.5580","30.3465","6.7998"
"45.5780","30.3599","6.7994"
"45.5980","30.3732","6.7991"
"45.6180","30.3865","6.7988"
"45.6380","30.3999","6.7985"
"45.6580","30.4133","6.7981"
"45.6780","30.4266","6.7975"
"45.6980","30.4400","6.7973"
"45.7180","30.4533","6.7968"
"45.7380","30.4666","6.7962"
"45.7580","30.4799","6.7957"
"45.7780","30.4932","6.7954"
"45.7980","30.5065","6.7951"
"45.8180","30.5199","6.7948"
"45.8380","30.5332","6.7943"
"45.8580","30.5464","6.7935"
"45.8780","30.5597","6.7932"
"45.8980","30.5731","6.7930"
"45.9180","30.5864","6.7928"
"45.9380","30.5997","6.7924"
"45.9580","30.6131","6.7922"
"45.9780","30.6265","6.7919"
"45.9980","30.6398","6.7916"
"46.0180","30.6532","6.7913"
"46.0380","30.6666","6.7906"
"46.0580","30.6800","6.7903"
"46.0780","30.6933","6.7897"
"46.0980","30.7066","6.7891"
"46.1180","30.7199","6.7886"
"46.1380","30.7332","6.7882"
"46.1580","30.7466","6.7878"
"46.1780","30.7599","6.7874"
"46.1980","30.7732","6.7869"
"46.2180","30.7865","6.7863"
"46.2380","30.7999","6.7860"
"46.2580","30.8132","6.7854"
"46.2780","30.8265","6.7851"
"46.2980","30.8398","6.7845"
"46.3180","30.8532","6.7841"
"46.3380","30.8665","6.7837"
"46.3580","30.8799","6.7832"
"46.3780","30.8933","6.7828"
"46.3980","30.9066","6.7822"
"46.4180","30.9199","6.7817"
"46.4380","30.9333","6.7811"
"46.4580","30.9466","6.7806"
"46.4780","30.9599","6.7799"
"46.4980","30.9732","6.7793"
"46.5180","30.9866","6.7787"
"46.5380","30.9999","6.7782"
"46.5580","31.0132","6.7776"
"46.5780","31.0265","6.7769"
"46.5980","31.0398","6.7765"
"46.6180","31.0532","6.7760"
"46.6380","31.0665","6.7754"
"46.6580","31.0798","6.7747"
"46.6780","31.0932","6.7741"
"46.6980","31.1066","6.7736"
"46.7180","31.1199","6.7728"
"46.7380","31.1333","6.7721"
"46.7580","31.1466","6.7712"
"46.7780","31.1599","6.7708"
"46.7980","31.1733","6.7701"
"46.8180","31.1866","6.7692"
"46.8380","31.1999","6.7683"
"46.8580","31.2132","6.7676"
"46.8780","31.2265","6.7669"
"46.8980","31.2398","6.7659"
"46.9180","31.2532","6.7651"
"46.9380","31.2664","6.7642"
"46.9580","31.2798","6.7635"
"46.9780","31.2931","6.7626"
"46.9980","31.3064","6.7619"
"47.0180","31.3198","6.7609"
"47.0380","31.3331","6.7599"
"47.0580","31.3465","6.7591"
"47.0780","31.3598","6.7580"
"47.0980","31.3732","6.7569"
"47.1180","31.3866","6.7557"
"47.1380","31.3999","6.7546"
"47.1580","31.4132","6.7535"
"47.1780","31.4266","6.7522"
"47.1980","31.4399","6.7507"
"47.2180","31.4532","6.7493"
"47.2380","31.4665","6.7479"
"47.2580","31.4798","6.7465"
"47.2780","31.4932","6.7451"
"47.2980","31.5065","6.7435"
"47.3180","31.5198","6.7419"
"47.3380","31.5331","6.7403"
"47.3580","31.5465","6.7385"
"47.3780","31.5598","6.7366"
"47.3980","31.5731","6.7347"
"47.4180","31.5865","6.7329"
"47.4380","31.5999","6.7307"
"47.4580","31.6132","6.7286"
"47.4780","31.6265","6.7260"
"47.4980","31.6399","6.7235"
"47.5180","31.6532","6.7208"
"47.5380","31.6666","6.7179"
"47.5580","31.6799","6.7149"
"47.5780","31.6932","6.7117"
"47.5980","31.7066","6.7085"
"47.6180","31.7199","6.7048"
"47.6380","31.7333","6.7012"
"47.6580","31.7465","6.6970"
"47.6780","31.7599","6.6928"
"47.6980","31.7732","6.6882"
"47.7180","31.7865","6.6834"
"47.7380","31.7999","6.6781"
"47.7580","31.8132","6.6724"
"47.7780","31.8265","6.6666"
"47.7980","31.8399","6.6602"
"47.8180","31.8532","6.6534"
"47.8380","31.8666","6.6458"
"47.8580","31.8799","6.6380"
"47.8780","31.8933","6.6295"
"47.8980","31.9066","6.6203"
"47.9180","31.9199","6.6106"
"47.9380","31.9332","6.6001"
"47.9580","31.9466","6.5892"
"47.9780","31.9599","6.5773"
"47.9980","31.9732","6.5646"
"48.0180","31.9865","6.5510"
"48.0380","31.9999","6.5368"
"48.0580","32.0132","6.5218"
"48.0780","32.0266","6.5055"
"48.0980","32.0399","6.4884"
"48.1180","32.0533","6.4701"
"48.1380","32.0666","6.4511"
"48.1580","32.0800","6.4307"
"48.1780","32.0933","6.4094"
"48.1980","32.1066","6.3868"
"48.2180","32.1200","6.3633"
"48.2380","32.1333","6.3388"
"48.2580","32.1466","6.3128"
"48.2780","32.1599","6.2858"
"48.2980","32.1732","6.2578"
"48.3180","32.1865","6.2286"
"48.3380","32.1998","6.1978"
"48.3580","32.2132","6.1658"
"48.3780","32.2265","6.1322"
"48.3980","32.2398","6.0976"
"48.4180","32.2532","6.0615"
"48.4380","32.2666","6.0238"
"48.4580","32.2799","5.9845"
"48.4780","32.2932","5.9437"
"48.4980","32.3066","5.9015"
"48.5180","32.3200","5.8575"
"48.5380","32.3333","5.8118"
"48.5580","32.3467","5.7642"
"48.5780","32.3601","5.7152"
"48.5980","32.3734","5.6640"
"48.6180","32.3867","5.6106"
"48.6380","32.4001","5.5552"
"48.6580","32.4134","5.4975"
"48.6780","32.4267","5.4375"
"48.6980","32.4400","5.3744"
"48.7180","32.4533","5.3082"
"48.7380","32.4666","5.2388"
"48.7580","32.4799","5.1662"
"48.7780","32.4933","5.0894"
"48.7980","32.5066","5.0081"
"48.8180","32.5200","4.9221"
"48.8380","32.5333","4.8305"
"48.8580","32.5467","4.7328"
"48.8780","32.5601","4.6271"
"48.8980","32.5735","4.5120"
"48.9180","32.5868","4.3842"
"48.9340","32.5975","4.2523"
"48.9370","32.5995","4.1152"
"48.9390","32.6008","3.9602"
"48.9410","32.6022","3.7692"
"48.9430","32.6035","3.5553"
"48.9450","32.6049","3.3239"
"48.9470","32.6062","3.0791"
"48.9480","32.6069","2.9538"
"48.9490","32.6076","2.8278"
"48.9500","32.6083","2.7015"
"48.9510","32.6090","2.5752"
"48.9520","32.6097","2.4493"
"48.9540","32.6111","2.2008"
"48.9560","32.6125","1.9591"
"48.9580","32.6139","1.7265"
"48.9600","32.6153","1.5049"
"48.9620","32.6168","1.2957"
"48.9640","32.6182","1.0998"
"48.9660","32.6196","0.9180"
"48.9680","32.6210","0.7507"
"48.9690","32.6217","0.6724"

